STRUCT,Info,3,,,,,,,,,,,,,,,,,,,,,,,,,,,,,,,,,,,,,,,,,,,,,,,,,,,,,,,,,,,,,,,,,,,,,,,,,,,,,,,,,,,,,,,,,,,,,,,,,,,,,,,,,,,,,,,,,,,,,,,,,,,,,,,
CPU name:,AMD EPYC 9754 128-Core Processor               ,,,,,,,,,,,,,,,,,,,,,,,,,,,,,,,,,,,,,,,,,,,,,,,,,,,,,,,,,,,,,,,,,,,,,,,,,,,,,,,,,,,,,,,,,,,,,,,,,,,,,,,,,,,,,,,,,,,,,,,,,,,,,,,,
CPU type:,AMD K19 (Zen4c) architecture,,,,,,,,,,,,,,,,,,,,,,,,,,,,,,,,,,,,,,,,,,,,,,,,,,,,,,,,,,,,,,,,,,,,,,,,,,,,,,,,,,,,,,,,,,,,,,,,,,,,,,,,,,,,,,,,,,,,,,,,,,,,,,,,
CPU clock:,2.249986906 GHz,,,,,,,,,,,,,,,,,,,,,,,,,,,,,,,,,,,,,,,,,,,,,,,,,,,,,,,,,,,,,,,,,,,,,,,,,,,,,,,,,,,,,,,,,,,,,,,,,,,,,,,,,,,,,,,,,,,,,,,,,,,,,,,,
TABLE,Region RS_GATHER_ADD_COEFF,Group 1 Raw,MEMWRITE,16,,,,,,,,,,,,,,,,,,,,,,,,,,,,,,,,,,,,,,,,,,,,,,,,,,,,,,,,,,,,,,,,,,,,,,,,,,,,,,,,,,,,,,,,,,,,,,,,,,,,,,,,,,,,,,,,,,,,,,,,,,,,,
Region Info,HWThread 128,HWThread 129,HWThread 130,HWThread 131,HWThread 132,HWThread 133,HWThread 0,HWThread 0,HWThread 136,HWThread 137,HWThread 138,HWThread 139,HWThread 140,HWThread 141,HWThread 142,HWThread 143,HWThread 144,HWThread 145,HWThread 146,HWThread 147,HWThread 148,HWThread 149,HWThread 150,HWThread 151,HWThread 152,HWThread 153,HWThread 154,HWThread 155,HWThread 156,HWThread 157,HWThread 0,HWThread 159,HWThread 0,HWThread 161,HWThread 162,HWThread 163,HWThread 164,HWThread 165,HWThread 166,HWThread 167,HWThread 168,HWThread 169,HWThread 170,HWThread 171,HWThread 172,HWThread 173,HWThread 174,HWThread 175,HWThread 176,HWThread 177,HWThread 0,HWThread 179,HWThread 180,HWThread 181,HWThread 182,HWThread 183,HWThread 184,HWThread 0,HWThread 186,HWThread 187,HWThread 188,HWThread 189,HWThread 190,HWThread 191,HWThread 192,HWThread 193,HWThread 194,HWThread 195,HWThread 196,HWThread 197,HWThread 198,HWThread 199,HWThread 0,HWThread 201,HWThread 202,HWThread 203,HWThread 0,HWThread 205,HWThread 0,HWThread 207,HWThread 208,HWThread 209,HWThread 210,HWThread 0,HWThread 212,HWThread 213,HWThread 214,HWThread 215,HWThread 216,HWThread 217,HWThread 218,HWThread 219,HWThread 220,HWThread 221,HWThread 222,HWThread 223,HWThread 224,HWThread 225,HWThread 226,HWThread 0,HWThread 228,HWThread 229,HWThread 230,HWThread 231,HWThread 232,HWThread 233,HWThread 234,HWThread 235,HWThread 236,HWThread 237,HWThread 238,HWThread 239,HWThread 240,HWThread 241,HWThread 242,HWThread 243,HWThread 244,HWThread 245,HWThread 246,HWThread 247,HWThread 248,HWThread 249,HWThread 250,HWThread 251,HWThread 252,HWThread 253,HWThread 254,HWThread 255,
RDTSC Runtime [s],0.377639,0.377661,0.365893,0.377698,0.377660,0.377704,0.000000,0.000000,0.377917,0.377901,0.377916,0.377897,0.377896,0.377892,0.377917,0.377905,0.377906,0.377930,0.377903,0.377912,0.377904,0.377920,0.377917,0.377907,0.377951,0.377957,0.377913,0.377905,0.377906,0.377920,0.000000,0.377915,0.000000,0.377894,0.377953,0.377881,0.377883,0.377879,0.377906,0.377894,0.377877,0.377948,0.377881,0.377879,0.377910,0.377884,0.377878,0.377889,0.377949,0.377947,0.000000,0.377922,0.377946,0.377962,0.363201,0.377950,0.377949,0.000000,0.377955,0.377895,0.377926,0.377880,0.377889,0.377901,0.377910,0.377901,0.377918,0.377906,0.377898,0.000000,0.755822,0.378658,0.000000,0.379906,0.379942,0.379969,0.000000,0.379966,0.000000,0.379963,0.379913,0.379827,0.379967,0.000000,0.379964,0.379964,0.379921,0.379933,0.379972,0.379970,0.379972,0.379963,0.379973,0.380011,0.379953,0.379956,0.379919,0.379938,0.379950,0.000000,0.379930,0.379908,0.379973,0.379956,0.380001,0.380019,0.379984,0.379961,0.379963,0.379942,0.380021,0.379998,0.379962,0.380022,0.379959,0.380024,0.380013,0.380003,0.380007,0.380026,0.379999,0.380003,0.380033,0.380035,0.380012,0.380015,0.379964,0.380006,
call count,1,1,1,1,1,1,0,0,1,1,1,1,1,1,1,1,1,1,1,1,1,1,1,1,1,1,1,1,1,1,0,1,0,1,1,1,1,1,1,1,1,1,1,1,1,1,1,1,1,1,0,1,1,1,1,1,1,0,1,1,1,1,1,1,1,1,1,1,1,0,2,1,0,1,1,1,0,1,0,1,1,1,1,0,1,1,1,1,1,1,1,1,1,1,1,1,1,1,1,0,1,1,1,1,1,1,1,1,1,1,1,1,1,1,1,1,1,1,1,1,1,1,1,1,1,1,1,1,
Event,Counter,HWThread 128,HWThread 129,HWThread 130,HWThread 131,HWThread 132,HWThread 133,HWThread 0,HWThread 0,HWThread 136,HWThread 137,HWThread 138,HWThread 139,HWThread 140,HWThread 141,HWThread 142,HWThread 143,HWThread 144,HWThread 145,HWThread 146,HWThread 147,HWThread 148,HWThread 149,HWThread 150,HWThread 151,HWThread 152,HWThread 153,HWThread 154,HWThread 155,HWThread 156,HWThread 157,HWThread 0,HWThread 159,HWThread 0,HWThread 161,HWThread 162,HWThread 163,HWThread 164,HWThread 165,HWThread 166,HWThread 167,HWThread 168,HWThread 169,HWThread 170,HWThread 171,HWThread 172,HWThread 173,HWThread 174,HWThread 175,HWThread 176,HWThread 177,HWThread 0,HWThread 179,HWThread 180,HWThread 181,HWThread 182,HWThread 183,HWThread 184,HWThread 0,HWThread 186,HWThread 187,HWThread 188,HWThread 189,HWThread 190,HWThread 191,HWThread 192,HWThread 193,HWThread 194,HWThread 195,HWThread 196,HWThread 197,HWThread 198,HWThread 199,HWThread 0,HWThread 201,HWThread 202,HWThread 203,HWThread 0,HWThread 205,HWThread 0,HWThread 207,HWThread 208,HWThread 209,HWThread 210,HWThread 0,HWThread 212,HWThread 213,HWThread 214,HWThread 215,HWThread 216,HWThread 217,HWThread 218,HWThread 219,HWThread 220,HWThread 221,HWThread 222,HWThread 223,HWThread 224,HWThread 225,HWThread 226,HWThread 0,HWThread 228,HWThread 229,HWThread 230,HWThread 231,HWThread 232,HWThread 233,HWThread 234,HWThread 235,HWThread 236,HWThread 237,HWThread 238,HWThread 239,HWThread 240,HWThread 241,HWThread 242,HWThread 243,HWThread 244,HWThread 245,HWThread 246,HWThread 247,HWThread 248,HWThread 249,HWThread 250,HWThread 251,HWThread 252,HWThread 253,HWThread 254,HWThread 255
ACTUAL_CPU_CLOCK,FIXC1,1007432000,1009869000,1009076000,1042034000,1007847000,1030162000,0,0,1031576000,1012850000,1030742000,1011747000,1014625000,1009855000,1030994000,1015345000,1019116000,1050825000,1018167000,1019019000,1018991000,1019377000,1019191000,1019039000,1072028000,1072268000,1018179000,1020399000,1018943000,1019269000,0,1020235000,0,686233300,701258800,950467500,1008099000,994148700,1032538000,966285700,1001395000,1064074000,996523400,1002876000,1038353000,996418400,997722600,1003272000,1045623000,1085743000,0,1026115000,1092960000,1093652000,1088585000,1057027000,1091000000,0,1065462000,1030267000,1037192000,1004192000,1004030000,1007403000,1016204000,1011205000,1028915000,1017255000,1012673000,0,2064079000,1014354000,0,993861300,993446100,1059352000,0,1056904000,0,1012115000,1007544000,1004535000,1058944000,0,1062948000,1070322000,1012391000,1022210000,1011733000,1010557000,1005848000,1079378000,1010312000,1057698000,1011437000,1010686000,1022509000,1027454000,1041781000,0,1024009000,1011130000,1048455000,1038341000,1043576000,1046235000,1031722000,1044722000,1091531000,1024157000,1051629000,1047792000,1052506000,1053126000,1046801000,1055213000,1052692000,1047911000,1052566000,1043305000,1041033000,1047797000,1104738000,1104749000,1104164000,1101137000,1043171000,1190138000
MAX_CPU_CLOCK,FIXC2,731192600,732658700,732278200,756151900,731548100,747704100,0,0,748495100,735076900,747667100,734491900,736412700,732956000,748458600,736953000,739475800,762495000,738967000,739430800,739741600,739835900,739770300,739430300,778051400,778227800,738968700,740481100,739382400,739546800,0,740528900,0,498019400,508873300,689848000,731609500,721413800,749498400,701313200,726628700,772178400,723293800,727571200,753465200,723171500,724035600,728037600,758795500,787937400,0,744501000,793192300,793717000,789193500,767017200,791617900,0,773469200,747693400,752782500,728796300,728816400,731155800,737474100,733920300,746758400,738225700,735074600,0,1497526000,736104500,0,721238300,721030400,768864400,0,766986700,0,734521500,731072800,729075800,768370500,0,771356600,776779600,734482500,741829400,733831600,733349300,729856300,783296600,733207000,767389000,733909000,733492100,741976400,745834800,756094100,0,743230000,733835800,760830700,753248400,757381500,758870700,748466600,757884000,792165800,742969700,763141900,760292200,763935300,764203700,759683700,765874000,763759400,760166200,763793300,757120300,755393900,760358700,801662800,801534900,801212800,799072200,757228500,863525300
RETIRED_INSTRUCTIONS,PMC0,274783300,274782300,274782300,274782600,274783300,274783400,0,0,274783400,274783500,274784200,274783800,274783500,274783500,274783700,274784100,274783500,274792000,274783700,274783600,274783700,274783600,274783600,274783800,274800300,274799900,274783200,274783800,274783700,274783300,0,274783300,0,189531200,219739200,274786000,274783700,274783900,274783000,274786200,274783900,274800200,274784500,274784100,274783300,274784100,274784200,274784000,274784200,274799700,0,274784700,274800400,274800500,274800500,274784400,316405600,0,274784200,274783500,809,274784400,274784800,274784300,274784300,274784300,274784900,274784400,274783700,0,549568500,274784500,0,274785200,274785400,274800800,0,274784600,0,274784700,274784800,274782800,274785500,0,274784100,274800900,274784700,243,274784800,274800900,274784800,1269,274784900,274784900,274784900,274787100,274785200,274786800,274785000,0,274784900,1276,274785000,274783800,274785200,274785100,274786600,274785100,274799400,274784500,274785300,274785200,274785200,274785200,274784000,274785200,274785300,274785300,274785300,274785300,274785300,274785300,274801500,274801300,274801500,274799900,274785400,272742100
CPU_CLOCKS_UNHALTED,PMC1,769765500,770841200,772156300,810117400,771478900,807154500,0,0,796299100,769336700,792299500,777780300,775652800,774998300,799135400,779287300,780228200,774686000,782756500,779946400,779800100,781315000,783244200,780636700,759905400,762224600,779548600,776024500,778796200,777994900,0,777970900,0,518024900,542395900,719582600,774187300,767265900,810094300,724028800,767185400,752115400,764366700,763389400,809804400,761951600,762342500,766059300,802228100,772959200,0,780465500,770888800,771587000,734644500,817882600,844511600,0,838163700,802788300,12909,774481500,771082600,775281800,787701100,782611900,796939800,784379100,786216000,0,1591897000,786720000,0,770960600,773146100,760087700,0,833853800,0,780063200,775965300,773343500,832680600,0,827708000,754851500,779299600,3154,781372400,780443700,777734700,4053,784557300,837898600,784591000,786493600,791752100,791996900,818567700,0,798979100,3082,821880000,821661000,816396700,817409600,789769800,816467600,799752400,794056000,820261600,819294300,822637500,819934600,823175600,826587800,824659600,817265800,823815800,815983800,801921500,807925500,790779600,789000800,792380800,793488400,803188900,691136500
DRAM_WRITES_LOCAL_CHANNEL_0,DFC0,28639910,0,0,0,0,0,0,0,0,0,0,0,0,0,0,0,0,0,0,0,0,0,0,0,0,0,0,0,0,0,0,0,0,0,0,0,0,0,0,0,0,0,0,0,0,0,0,0,0,0,0,0,0,0,0,0,0,0,0,0,0,0,0,0,0,0,0,0,0,0,0,0,0,0,0,0,0,0,0,0,0,0,0,0,0,0,0,0,0,0,0,0,0,0,0,0,0,0,0,0,0,0,0,0,0,0,0,0,0,0,0,0,0,0,0,0,0,0,0,0,0,0,0,0,0,0,0,0
DRAM_WRITES_LOCAL_CHANNEL_1,DFC1,28614590,0,0,0,0,0,0,0,0,0,0,0,0,0,0,0,0,0,0,0,0,0,0,0,0,0,0,0,0,0,0,0,0,0,0,0,0,0,0,0,0,0,0,0,0,0,0,0,0,0,0,0,0,0,0,0,0,0,0,0,0,0,0,0,0,0,0,0,0,0,0,0,0,0,0,0,0,0,0,0,0,0,0,0,0,0,0,0,0,0,0,0,0,0,0,0,0,0,0,0,0,0,0,0,0,0,0,0,0,0,0,0,0,0,0,0,0,0,0,0,0,0,0,0,0,0,0,0
DRAM_WRITES_LOCAL_CHANNEL_2,DFC2,28648330,0,0,0,0,0,0,0,0,0,0,0,0,0,0,0,0,0,0,0,0,0,0,0,0,0,0,0,0,0,0,0,0,0,0,0,0,0,0,0,0,0,0,0,0,0,0,0,0,0,0,0,0,0,0,0,0,0,0,0,0,0,0,0,0,0,0,0,0,0,0,0,0,0,0,0,0,0,0,0,0,0,0,0,0,0,0,0,0,0,0,0,0,0,0,0,0,0,0,0,0,0,0,0,0,0,0,0,0,0,0,0,0,0,0,0,0,0,0,0,0,0,0,0,0,0,0,0
DRAM_WRITES_LOCAL_CHANNEL_3,DFC3,28649270,0,0,0,0,0,0,0,0,0,0,0,0,0,0,0,0,0,0,0,0,0,0,0,0,0,0,0,0,0,0,0,0,0,0,0,0,0,0,0,0,0,0,0,0,0,0,0,0,0,0,0,0,0,0,0,0,0,0,0,0,0,0,0,0,0,0,0,0,0,0,0,0,0,0,0,0,0,0,0,0,0,0,0,0,0,0,0,0,0,0,0,0,0,0,0,0,0,0,0,0,0,0,0,0,0,0,0,0,0,0,0,0,0,0,0,0,0,0,0,0,0,0,0,0,0,0,0
DRAM_WRITES_LOCAL_CHANNEL_4,DFC4,28665540,0,0,0,0,0,0,0,0,0,0,0,0,0,0,0,0,0,0,0,0,0,0,0,0,0,0,0,0,0,0,0,0,0,0,0,0,0,0,0,0,0,0,0,0,0,0,0,0,0,0,0,0,0,0,0,0,0,0,0,0,0,0,0,0,0,0,0,0,0,0,0,0,0,0,0,0,0,0,0,0,0,0,0,0,0,0,0,0,0,0,0,0,0,0,0,0,0,0,0,0,0,0,0,0,0,0,0,0,0,0,0,0,0,0,0,0,0,0,0,0,0,0,0,0,0,0,0
DRAM_WRITES_LOCAL_CHANNEL_5,DFC5,28636190,0,0,0,0,0,0,0,0,0,0,0,0,0,0,0,0,0,0,0,0,0,0,0,0,0,0,0,0,0,0,0,0,0,0,0,0,0,0,0,0,0,0,0,0,0,0,0,0,0,0,0,0,0,0,0,0,0,0,0,0,0,0,0,0,0,0,0,0,0,0,0,0,0,0,0,0,0,0,0,0,0,0,0,0,0,0,0,0,0,0,0,0,0,0,0,0,0,0,0,0,0,0,0,0,0,0,0,0,0,0,0,0,0,0,0,0,0,0,0,0,0,0,0,0,0,0,0
DRAM_WRITES_LOCAL_CHANNEL_6,DFC6,28640520,0,0,0,0,0,0,0,0,0,0,0,0,0,0,0,0,0,0,0,0,0,0,0,0,0,0,0,0,0,0,0,0,0,0,0,0,0,0,0,0,0,0,0,0,0,0,0,0,0,0,0,0,0,0,0,0,0,0,0,0,0,0,0,0,0,0,0,0,0,0,0,0,0,0,0,0,0,0,0,0,0,0,0,0,0,0,0,0,0,0,0,0,0,0,0,0,0,0,0,0,0,0,0,0,0,0,0,0,0,0,0,0,0,0,0,0,0,0,0,0,0,0,0,0,0,0,0
DRAM_WRITES_LOCAL_CHANNEL_7,DFC7,28625350,0,0,0,0,0,0,0,0,0,0,0,0,0,0,0,0,0,0,0,0,0,0,0,0,0,0,0,0,0,0,0,0,0,0,0,0,0,0,0,0,0,0,0,0,0,0,0,0,0,0,0,0,0,0,0,0,0,0,0,0,0,0,0,0,0,0,0,0,0,0,0,0,0,0,0,0,0,0,0,0,0,0,0,0,0,0,0,0,0,0,0,0,0,0,0,0,0,0,0,0,0,0,0,0,0,0,0,0,0,0,0,0,0,0,0,0,0,0,0,0,0,0,0,0,0,0,0
DRAM_WRITES_LOCAL_CHANNEL_8,DFC8,28564740,0,0,0,0,0,0,0,0,0,0,0,0,0,0,0,0,0,0,0,0,0,0,0,0,0,0,0,0,0,0,0,0,0,0,0,0,0,0,0,0,0,0,0,0,0,0,0,0,0,0,0,0,0,0,0,0,0,0,0,0,0,0,0,0,0,0,0,0,0,0,0,0,0,0,0,0,0,0,0,0,0,0,0,0,0,0,0,0,0,0,0,0,0,0,0,0,0,0,0,0,0,0,0,0,0,0,0,0,0,0,0,0,0,0,0,0,0,0,0,0,0,0,0,0,0,0,0
DRAM_WRITES_LOCAL_CHANNEL_9,DFC9,28579570,0,0,0,0,0,0,0,0,0,0,0,0,0,0,0,0,0,0,0,0,0,0,0,0,0,0,0,0,0,0,0,0,0,0,0,0,0,0,0,0,0,0,0,0,0,0,0,0,0,0,0,0,0,0,0,0,0,0,0,0,0,0,0,0,0,0,0,0,0,0,0,0,0,0,0,0,0,0,0,0,0,0,0,0,0,0,0,0,0,0,0,0,0,0,0,0,0,0,0,0,0,0,0,0,0,0,0,0,0,0,0,0,0,0,0,0,0,0,0,0,0,0,0,0,0,0,0
DRAM_WRITES_LOCAL_CHANNEL_10,DFC10,28602640,0,0,0,0,0,0,0,0,0,0,0,0,0,0,0,0,0,0,0,0,0,0,0,0,0,0,0,0,0,0,0,0,0,0,0,0,0,0,0,0,0,0,0,0,0,0,0,0,0,0,0,0,0,0,0,0,0,0,0,0,0,0,0,0,0,0,0,0,0,0,0,0,0,0,0,0,0,0,0,0,0,0,0,0,0,0,0,0,0,0,0,0,0,0,0,0,0,0,0,0,0,0,0,0,0,0,0,0,0,0,0,0,0,0,0,0,0,0,0,0,0,0,0,0,0,0,0
DRAM_WRITES_LOCAL_CHANNEL_11,DFC11,28532900,0,0,0,0,0,0,0,0,0,0,0,0,0,0,0,0,0,0,0,0,0,0,0,0,0,0,0,0,0,0,0,0,0,0,0,0,0,0,0,0,0,0,0,0,0,0,0,0,0,0,0,0,0,0,0,0,0,0,0,0,0,0,0,0,0,0,0,0,0,0,0,0,0,0,0,0,0,0,0,0,0,0,0,0,0,0,0,0,0,0,0,0,0,0,0,0,0,0,0,0,0,0,0,0,0,0,0,0,0,0,0,0,0,0,0,0,0,0,0,0,0,0,0,0,0,0,0
TABLE,Region RS_GATHER_ADD_COEFF,Group 1 Raw STAT,MEMWRITE,16,,,,,,,,,,,,,,,,,,,,,,,,,,,,,,,,,,,,,,,,,,,,,,,,,,,,,,,,,,,,,,,,,,,,,,,,,,,,,,,,,,,,,,,,,,,,,,,,,,,,,,,,,,,,,,,,,,,,,,,,,,,,,
Event,Counter,Sum,Min,Max,Avg,,,,,,,,,,,,,,,,,,,,,,,,,,,,,,,,,,,,,,,,,,,,,,,,,,,,,,,,,,,,,,,,,,,,,,,,,,,,,,,,,,,,,,,,,,,,,,,,,,,,,,,,,,,,,,,,,,,,,,,,,,,,
ACTUAL_CPU_CLOCK STAT,FIXC1,120311112800,0,2064079000,9.399306e+08,,,,,,,,,,,,,,,,,,,,,,,,,,,,,,,,,,,,,,,,,,,,,,,,,,,,,,,,,,,,,,,,,,,,,,,,,,,,,,,,,,,,,,,,,,,,,,,,,,,,,,,,,,,,,,,,,,,,,,,,,,,,
MAX_CPU_CLOCK STAT,FIXC2,87307792300,0,1497526000,6.820921e+08,,,,,,,,,,,,,,,,,,,,,,,,,,,,,,,,,,,,,,,,,,,,,,,,,,,,,,,,,,,,,,,,,,,,,,,,,,,,,,,,,,,,,,,,,,,,,,,,,,,,,,,,,,,,,,,,,,,,,,,,,,,,
RETIRED_INSTRUCTIONS STAT,PMC0,30950168797,0,549568500,2.417982e+08,,,,,,,,,,,,,,,,,,,,,,,,,,,,,,,,,,,,,,,,,,,,,,,,,,,,,,,,,,,,,,,,,,,,,,,,,,,,,,,,,,,,,,,,,,,,,,,,,,,,,,,,,,,,,,,,,,,,,,,,,,,,
CPU_CLOCKS_UNHALTED STAT,PMC1,88554807598,0,1591897000,6.918344e+08,,,,,,,,,,,,,,,,,,,,,,,,,,,,,,,,,,,,,,,,,,,,,,,,,,,,,,,,,,,,,,,,,,,,,,,,,,,,,,,,,,,,,,,,,,,,,,,,,,,,,,,,,,,,,,,,,,,,,,,,,,,,
DRAM_WRITES_LOCAL_CHANNEL_0 STAT,DFC0,28639910,0,28639910,223749.2969,,,,,,,,,,,,,,,,,,,,,,,,,,,,,,,,,,,,,,,,,,,,,,,,,,,,,,,,,,,,,,,,,,,,,,,,,,,,,,,,,,,,,,,,,,,,,,,,,,,,,,,,,,,,,,,,,,,,,,,,,,,,
DRAM_WRITES_LOCAL_CHANNEL_1 STAT,DFC1,28614590,0,28614590,223551.4844,,,,,,,,,,,,,,,,,,,,,,,,,,,,,,,,,,,,,,,,,,,,,,,,,,,,,,,,,,,,,,,,,,,,,,,,,,,,,,,,,,,,,,,,,,,,,,,,,,,,,,,,,,,,,,,,,,,,,,,,,,,,
DRAM_WRITES_LOCAL_CHANNEL_2 STAT,DFC2,28648330,0,28648330,223815.0781,,,,,,,,,,,,,,,,,,,,,,,,,,,,,,,,,,,,,,,,,,,,,,,,,,,,,,,,,,,,,,,,,,,,,,,,,,,,,,,,,,,,,,,,,,,,,,,,,,,,,,,,,,,,,,,,,,,,,,,,,,,,
DRAM_WRITES_LOCAL_CHANNEL_3 STAT,DFC3,28649270,0,28649270,223822.4219,,,,,,,,,,,,,,,,,,,,,,,,,,,,,,,,,,,,,,,,,,,,,,,,,,,,,,,,,,,,,,,,,,,,,,,,,,,,,,,,,,,,,,,,,,,,,,,,,,,,,,,,,,,,,,,,,,,,,,,,,,,,
DRAM_WRITES_LOCAL_CHANNEL_4 STAT,DFC4,28665540,0,28665540,223949.5312,,,,,,,,,,,,,,,,,,,,,,,,,,,,,,,,,,,,,,,,,,,,,,,,,,,,,,,,,,,,,,,,,,,,,,,,,,,,,,,,,,,,,,,,,,,,,,,,,,,,,,,,,,,,,,,,,,,,,,,,,,,,
DRAM_WRITES_LOCAL_CHANNEL_5 STAT,DFC5,28636190,0,28636190,223720.2344,,,,,,,,,,,,,,,,,,,,,,,,,,,,,,,,,,,,,,,,,,,,,,,,,,,,,,,,,,,,,,,,,,,,,,,,,,,,,,,,,,,,,,,,,,,,,,,,,,,,,,,,,,,,,,,,,,,,,,,,,,,,
DRAM_WRITES_LOCAL_CHANNEL_6 STAT,DFC6,28640520,0,28640520,223754.0625,,,,,,,,,,,,,,,,,,,,,,,,,,,,,,,,,,,,,,,,,,,,,,,,,,,,,,,,,,,,,,,,,,,,,,,,,,,,,,,,,,,,,,,,,,,,,,,,,,,,,,,,,,,,,,,,,,,,,,,,,,,,
DRAM_WRITES_LOCAL_CHANNEL_7 STAT,DFC7,28625350,0,28625350,223635.5469,,,,,,,,,,,,,,,,,,,,,,,,,,,,,,,,,,,,,,,,,,,,,,,,,,,,,,,,,,,,,,,,,,,,,,,,,,,,,,,,,,,,,,,,,,,,,,,,,,,,,,,,,,,,,,,,,,,,,,,,,,,,
DRAM_WRITES_LOCAL_CHANNEL_8 STAT,DFC8,28564740,0,28564740,223162.0312,,,,,,,,,,,,,,,,,,,,,,,,,,,,,,,,,,,,,,,,,,,,,,,,,,,,,,,,,,,,,,,,,,,,,,,,,,,,,,,,,,,,,,,,,,,,,,,,,,,,,,,,,,,,,,,,,,,,,,,,,,,,
DRAM_WRITES_LOCAL_CHANNEL_9 STAT,DFC9,28579570,0,28579570,223277.8906,,,,,,,,,,,,,,,,,,,,,,,,,,,,,,,,,,,,,,,,,,,,,,,,,,,,,,,,,,,,,,,,,,,,,,,,,,,,,,,,,,,,,,,,,,,,,,,,,,,,,,,,,,,,,,,,,,,,,,,,,,,,
DRAM_WRITES_LOCAL_CHANNEL_10 STAT,DFC10,28602640,0,28602640,223458.1250,,,,,,,,,,,,,,,,,,,,,,,,,,,,,,,,,,,,,,,,,,,,,,,,,,,,,,,,,,,,,,,,,,,,,,,,,,,,,,,,,,,,,,,,,,,,,,,,,,,,,,,,,,,,,,,,,,,,,,,,,,,,
DRAM_WRITES_LOCAL_CHANNEL_11 STAT,DFC11,28532900,0,28532900,222913.2812,,,,,,,,,,,,,,,,,,,,,,,,,,,,,,,,,,,,,,,,,,,,,,,,,,,,,,,,,,,,,,,,,,,,,,,,,,,,,,,,,,,,,,,,,,,,,,,,,,,,,,,,,,,,,,,,,,,,,,,,,,,,
TABLE,Region RS_GATHER_ADD_COEFF,Group 1 Metric,MEMWRITE,6,,,,,,,,,,,,,,,,,,,,,,,,,,,,,,,,,,,,,,,,,,,,,,,,,,,,,,,,,,,,,,,,,,,,,,,,,,,,,,,,,,,,,,,,,,,,,,,,,,,,,,,,,,,,,,,,,,,,,,,,,,,,,
Metric,HWThread 128,HWThread 129,HWThread 130,HWThread 131,HWThread 132,HWThread 133,HWThread 0,HWThread 0,HWThread 136,HWThread 137,HWThread 138,HWThread 139,HWThread 140,HWThread 141,HWThread 142,HWThread 143,HWThread 144,HWThread 145,HWThread 146,HWThread 147,HWThread 148,HWThread 149,HWThread 150,HWThread 151,HWThread 152,HWThread 153,HWThread 154,HWThread 155,HWThread 156,HWThread 157,HWThread 0,HWThread 159,HWThread 0,HWThread 161,HWThread 162,HWThread 163,HWThread 164,HWThread 165,HWThread 166,HWThread 167,HWThread 168,HWThread 169,HWThread 170,HWThread 171,HWThread 172,HWThread 173,HWThread 174,HWThread 175,HWThread 176,HWThread 177,HWThread 0,HWThread 179,HWThread 180,HWThread 181,HWThread 182,HWThread 183,HWThread 184,HWThread 0,HWThread 186,HWThread 187,HWThread 188,HWThread 189,HWThread 190,HWThread 191,HWThread 192,HWThread 193,HWThread 194,HWThread 195,HWThread 196,HWThread 197,HWThread 198,HWThread 199,HWThread 0,HWThread 201,HWThread 202,HWThread 203,HWThread 0,HWThread 205,HWThread 0,HWThread 207,HWThread 208,HWThread 209,HWThread 210,HWThread 0,HWThread 212,HWThread 213,HWThread 214,HWThread 215,HWThread 216,HWThread 217,HWThread 218,HWThread 219,HWThread 220,HWThread 221,HWThread 222,HWThread 223,HWThread 224,HWThread 225,HWThread 226,HWThread 0,HWThread 228,HWThread 229,HWThread 230,HWThread 231,HWThread 232,HWThread 233,HWThread 234,HWThread 235,HWThread 236,HWThread 237,HWThread 238,HWThread 239,HWThread 240,HWThread 241,HWThread 242,HWThread 243,HWThread 244,HWThread 245,HWThread 246,HWThread 247,HWThread 248,HWThread 249,HWThread 250,HWThread 251,HWThread 252,HWThread 253,HWThread 254,HWThread 255,
Runtime (RDTSC) [s],0.3776,0.3777,0.3659,0.3777,0.3777,0.3777,0,0,0.3779,0.3779,0.3779,0.3779,0.3779,0.3779,0.3779,0.3779,0.3779,0.3779,0.3779,0.3779,0.3779,0.3779,0.3779,0.3779,0.3780,0.3780,0.3779,0.3779,0.3779,0.3779,0,0.3779,0,0.3779,0.3780,0.3779,0.3779,0.3779,0.3779,0.3779,0.3779,0.3779,0.3779,0.3779,0.3779,0.3779,0.3779,0.3779,0.3779,0.3779,0,0.3779,0.3779,0.3780,0.3632,0.3779,0.3779,0,0.3780,0.3779,0.3779,0.3779,0.3779,0.3779,0.3779,0.3779,0.3779,0.3779,0.3779,0,0.7558,0.3787,0,0.3799,0.3799,0.3800,0,0.3800,0,0.3800,0.3799,0.3798,0.3800,0,0.3800,0.3800,0.3799,0.3799,0.3800,0.3800,0.3800,0.3800,0.3800,0.3800,0.3800,0.3800,0.3799,0.3799,0.3799,0,0.3799,0.3799,0.3800,0.3800,0.3800,0.3800,0.3800,0.3800,0.3800,0.3799,0.3800,0.3800,0.3800,0.3800,0.3800,0.3800,0.3800,0.3800,0.3800,0.3800,0.3800,0.3800,0.3800,0.3800,0.3800,0.3800,0.3800,0.3800,
Runtime unhalted [s],0.4478,0.4488,0.4485,0.4631,0.4479,0.4579,0,0,0.4585,0.4502,0.4581,0.4497,0.4509,0.4488,0.4582,0.4513,0.4529,0.4670,0.4525,0.4529,0.4529,0.4531,0.4530,0.4529,0.4765,0.4766,0.4525,0.4535,0.4529,0.4530,0,0.4534,0,0.3050,0.3117,0.4224,0.4480,0.4418,0.4589,0.4295,0.4451,0.4729,0.4429,0.4457,0.4615,0.4429,0.4434,0.4459,0.4647,0.4826,0,0.4561,0.4858,0.4861,0.4838,0.4698,0.4849,0,0.4735,0.4579,0.4610,0.4463,0.4462,0.4477,0.4516,0.4494,0.4573,0.4521,0.4501,0,0.9174,0.4508,0,0.4417,0.4415,0.4708,0,0.4697,0,0.4498,0.4478,0.4465,0.4706,0,0.4724,0.4757,0.4500,0.4543,0.4497,0.4491,0.4470,0.4797,0.4490,0.4701,0.4495,0.4492,0.4545,0.4566,0.4630,0,0.4551,0.4494,0.4660,0.4615,0.4638,0.4650,0.4585,0.4643,0.4851,0.4552,0.4674,0.4657,0.4678,0.4681,0.4652,0.4690,0.4679,0.4657,0.4678,0.4637,0.4627,0.4657,0.4910,0.4910,0.4907,0.4894,0.4636,0.5290,
Clock [MHz],3100.0161,3101.2967,3100.4716,3100.6506,3099.7860,3099.9576,0,0,3100.9321,3100.2188,3101.8564,3099.3092,3100.0185,3099.9958,3099.3338,3099.9439,3100.8421,3100.7974,3100.0876,3100.7356,3099.3477,3100.1265,3099.8357,3100.7986,3100.1152,3100.1064,3100.1170,3100.5307,3100.7073,3101.0098,0,3099.8323,0,3100.3128,3100.6208,3100.0154,3100.3008,3100.6082,3099.6690,3100.0845,3100.7936,3100.5174,3099.9362,3101.3568,3100.7147,3100.1337,3100.4868,3100.5938,3100.4903,3100.3828,0,3101.0641,3100.3146,3100.2268,3103.5506,3100.7087,3100.9098,0,3099.3807,3100.3179,3100.0567,3100.2063,3099.6206,3100.0829,3100.3742,3100.0614,3100.1262,3100.4210,3099.6867,0,3101.2154,3100.4881,0,3100.4661,3100.0645,3100.0631,0,3100.4712,0,3100.3116,3100.8688,3100.0763,3100.8610,0,3100.5362,3100.2494,3101.3217,3100.3882,3102.0550,3100.4871,3100.8088,3100.4684,3100.3370,3101.1738,3100.8204,3100.2792,3100.6806,3099.5578,3100.1348,0,3099.9917,3100.1884,3100.5715,3101.5713,3100.1976,3101.9975,3101.4891,3101.5443,3100.2733,3101.5260,3100.5393,3100.8056,3099.9022,3100.6389,3100.3542,3100.0079,3101.1641,3101.6718,3100.6553,3100.4618,3100.7804,3100.5492,3100.6129,3101.1386,3100.7425,3100.5256,3099.6206,3101.0034,
CPI,2.8014,2.8053,2.8101,2.9482,2.8076,2.9374,0,0,2.8979,2.7998,2.8834,2.8305,2.8228,2.8204,2.9082,2.8360,2.8394,2.8192,2.8486,2.8384,2.8379,2.8434,2.8504,2.8409,2.7653,2.7737,2.8370,2.8241,2.8342,2.8313,0,2.8312,0,2.7332,2.4684,2.6187,2.8174,2.7923,2.9481,2.6349,2.7920,2.7370,2.7817,2.7781,2.9471,2.7729,2.7743,2.7879,2.9195,2.8128,0,2.8403,2.8053,2.8078,2.6734,2.9765,2.6691,0,3.0503,2.9215,15.9567,2.8185,2.8061,2.8214,2.8666,2.8481,2.9002,2.8545,2.8612,0,2.8966,2.8630,0,2.8057,2.8136,2.7660,0,3.0346,0,2.8388,2.8239,2.8144,3.0303,0,3.0122,2.7469,2.8360,12.9794,2.8436,2.8400,2.8303,3.1939,2.8552,3.0493,2.8553,2.8622,2.8813,2.8822,2.9789,0,2.9077,2.4154,2.9910,2.9902,2.9710,2.9747,2.8741,2.9713,2.9103,2.8897,2.9851,2.9816,2.9937,2.9839,2.9957,3.0081,3.0011,2.9742,2.9980,2.9695,2.9184,2.9402,2.8776,2.8712,2.8835,2.8875,2.9230,2.5340,
Memory write bandwidth [MBytes/s],58197.3644,0,0,0,0,0,0,0,0,0,0,0,0,0,0,0,0,0,0,0,0,0,0,0,0,0,0,0,0,0,0,0,0,0,0,0,0,0,0,0,0,0,0,0,0,0,0,0,0,0,0,0,0,0,0,0,0,0,0,0,0,0,0,0,0,0,0,0,0,0,0,0,0,0,0,0,0,0,0,0,0,0,0,0,0,0,0,0,0,0,0,0,0,0,0,0,0,0,0,0,0,0,0,0,0,0,0,0,0,0,0,0,0,0,0,0,0,0,0,0,0,0,0,0,0,0,0,0,
Memory write data volume [GBytes],21.9776,0,0,0,0,0,0,0,0,0,0,0,0,0,0,0,0,0,0,0,0,0,0,0,0,0,0,0,0,0,0,0,0,0,0,0,0,0,0,0,0,0,0,0,0,0,0,0,0,0,0,0,0,0,0,0,0,0,0,0,0,0,0,0,0,0,0,0,0,0,0,0,0,0,0,0,0,0,0,0,0,0,0,0,0,0,0,0,0,0,0,0,0,0,0,0,0,0,0,0,0,0,0,0,0,0,0,0,0,0,0,0,0,0,0,0,0,0,0,0,0,0,0,0,0,0,0,0,
TABLE,Region RS_GATHER_ADD_COEFF,Group 1 Metric STAT,MEMWRITE,6,,,,,,,,,,,,,,,,,,,,,,,,,,,,,,,,,,,,,,,,,,,,,,,,,,,,,,,,,,,,,,,,,,,,,,,,,,,,,,,,,,,,,,,,,,,,,,,,,,,,,,,,,,,,,,,,,,,,,,,,,,,,,
Metric,Sum,Min,Max,Avg,,,,,,,,,,,,,,,,,,,,,,,,,,,,,,,,,,,,,,,,,,,,,,,,,,,,,,,,,,,,,,,,,,,,,,,,,,,,,,,,,,,,,,,,,,,,,,,,,,,,,,,,,,,,,,,,,,,,,,,,,,,,,
Runtime (RDTSC) [s] STAT,44.2936,0,0.7558,0.3460,,,,,,,,,,,,,,,,,,,,,,,,,,,,,,,,,,,,,,,,,,,,,,,,,,,,,,,,,,,,,,,,,,,,,,,,,,,,,,,,,,,,,,,,,,,,,,,,,,,,,,,,,,,,,,,,,,,,,,,,,,,,,
Runtime unhalted [s] STAT,53.4715,0,0.9174,0.4177,,,,,,,,,,,,,,,,,,,,,,,,,,,,,,,,,,,,,,,,,,,,,,,,,,,,,,,,,,,,,,,,,,,,,,,,,,,,,,,,,,,,,,,,,,,,,,,,,,,,,,,,,,,,,,,,,,,,,,,,,,,,,
Clock [MHz] STAT,359657.6133,0,3103.5506,2809.8251,,,,,,,,,,,,,,,,,,,,,,,,,,,,,,,,,,,,,,,,,,,,,,,,,,,,,,,,,,,,,,,,,,,,,,,,,,,,,,,,,,,,,,,,,,,,,,,,,,,,,,,,,,,,,,,,,,,,,,,,,,,,,
CPI STAT,354.8731,0,15.9567,2.7724,,,,,,,,,,,,,,,,,,,,,,,,,,,,,,,,,,,,,,,,,,,,,,,,,,,,,,,,,,,,,,,,,,,,,,,,,,,,,,,,,,,,,,,,,,,,,,,,,,,,,,,,,,,,,,,,,,,,,,,,,,,,,
Memory write bandwidth [MBytes/s] STAT,58197.3644,0,58197.3644,454.6669,,,,,,,,,,,,,,,,,,,,,,,,,,,,,,,,,,,,,,,,,,,,,,,,,,,,,,,,,,,,,,,,,,,,,,,,,,,,,,,,,,,,,,,,,,,,,,,,,,,,,,,,,,,,,,,,,,,,,,,,,,,,,
Memory write data volume [GBytes] STAT,21.9776,0,21.9776,0.1717,,,,,,,,,,,,,,,,,,,,,,,,,,,,,,,,,,,,,,,,,,,,,,,,,,,,,,,,,,,,,,,,,,,,,,,,,,,,,,,,,,,,,,,,,,,,,,,,,,,,,,,,,,,,,,,,,,,,,,,,,,,,,
